exp_id,stage,measurement_id,gpu,dtype,batch,bn_fused,k_views,warmup,n,scope,p50_ms,p95_ms,p99_ms,images_per_s,representative_for_3_seeds
B01,backbone,B01,NVIDIA GeForce RTX 3060,fp32,1,False,1,10,100,resident normalized 256x256 tensor -> GPU crop/views -> model -> aggregation/calibration -> softmax; excludes disk/CPU preprocessing/H2D and offline temperature fitting,3.4051195002575696,3.4264669497360956,3.434510579850212,293.67544954717687,False
B01,backbone,B01,NVIDIA GeForce RTX 3060,fp32,32,False,1,10,100,resident normalized 256x256 tensor -> GPU crop/views -> model -> aggregation/calibration -> softmax; excludes disk/CPU preprocessing/H2D and offline temperature fitting,58.87150400008068,59.1368635999288,59.145501560014964,543.5566925546211,False
B02,backbone,B02,NVIDIA GeForce RTX 3060,fp32,1,False,1,10,100,resident normalized 256x256 tensor -> GPU crop/views -> model -> aggregation/calibration -> softmax; excludes disk/CPU preprocessing/H2D and offline temperature fitting,3.5621950000859215,3.576064350022534,3.5807193000027837,280.72578844669636,False
B02,backbone,B02,NVIDIA GeForce RTX 3060,fp32,32,False,1,10,100,resident normalized 256x256 tensor -> GPU crop/views -> model -> aggregation/calibration -> softmax; excludes disk/CPU preprocessing/H2D and offline temperature fitting,76.16935700002614,76.39660504976291,76.459655030244,420.1164518165621,False
B03,backbone,B03,NVIDIA GeForce RTX 3060,fp32,1,False,1,10,100,resident normalized 256x256 tensor -> GPU crop/views -> model -> aggregation/calibration -> softmax; excludes disk/CPU preprocessing/H2D and offline temperature fitting,3.6800575001052493,3.693942349786994,3.7006826800461567,271.7348845694395,False
B03,backbone,B03,NVIDIA GeForce RTX 3060,fp32,32,False,1,10,100,resident normalized 256x256 tensor -> GPU crop/views -> model -> aggregation/calibration -> softmax; excludes disk/CPU preprocessing/H2D and offline temperature fitting,67.85755150008299,68.06155599999784,68.1463956500238,471.5761074868854,False
B04,backbone,B04,NVIDIA GeForce RTX 3060,fp32,1,False,1,10,100,resident normalized 256x256 tensor -> GPU crop/views -> model -> aggregation/calibration -> softmax; excludes disk/CPU preprocessing/H2D and offline temperature fitting,3.5321574998761207,3.543957899864836,3.550814969780731,283.1130831609496,False
B04,backbone,B04,NVIDIA GeForce RTX 3060,fp32,32,False,1,10,100,resident normalized 256x256 tensor -> GPU crop/views -> model -> aggregation/calibration -> softmax; excludes disk/CPU preprocessing/H2D and offline temperature fitting,59.03922099992087,59.65436305025378,59.91165271027967,542.0125716096912,False
B05,backbone,B05,NVIDIA GeForce RTX 3060,fp32,1,False,1,10,100,resident normalized 256x256 tensor -> GPU crop/views -> model -> aggregation/calibration -> softmax; excludes disk/CPU preprocessing/H2D and offline temperature fitting,2.433009000014863,2.4625744998047594,2.465369810229277,411.0136871642855,False
B05,backbone,B05,NVIDIA GeForce RTX 3060,fp32,32,False,1,10,100,resident normalized 256x256 tensor -> GPU crop/views -> model -> aggregation/calibration -> softmax; excludes disk/CPU preprocessing/H2D and offline temperature fitting,28.584091499851638,28.61221740026849,28.617412069766033,1119.50383310822,False
I00,inference,I00,NVIDIA GeForce RTX 3060,fp32,1,False,1,10,100,resident normalized 256x256 tensor -> GPU crop/views -> model -> aggregation/calibration -> softmax; excludes disk/CPU preprocessing/H2D and offline temperature fitting,3.7276619996191585,3.9205480492455536,3.9310224197652133,268.26466565428046,False
I00,inference,I00,NVIDIA GeForce RTX 3060,fp32,32,False,1,10,100,resident normalized 256x256 tensor -> GPU crop/views -> model -> aggregation/calibration -> softmax; excludes disk/CPU preprocessing/H2D and offline temperature fitting,68.58304249999492,68.73389170086739,68.7881732702408,466.58764081518217,False
I01,inference,I01,NVIDIA GeForce RTX 3060,fp32,1,False,2,10,100,resident normalized 256x256 tensor -> GPU crop/views -> model -> aggregation/calibration -> softmax; excludes disk/CPU preprocessing/H2D and offline temperature fitting,7.140516000617936,7.151280549624062,7.16232806113112,140.04590143253802,False
I01,inference,I01,NVIDIA GeForce RTX 3060,fp32,32,False,2,10,100,resident normalized 256x256 tensor -> GPU crop/views -> model -> aggregation/calibration -> softmax; excludes disk/CPU preprocessing/H2D and offline temperature fitting,137.30955800019728,137.78325610037427,137.95596455038321,233.05005467976252,False
I02,inference,I02,NVIDIA GeForce RTX 3060,fp32,1,False,5,10,100,resident normalized 256x256 tensor -> GPU crop/views -> model -> aggregation/calibration -> softmax; excludes disk/CPU preprocessing/H2D and offline temperature fitting,17.366885498631746,17.386751301273762,17.390435230008734,57.58084833799274,False
I02,inference,I02,NVIDIA GeForce RTX 3060,fp32,32,False,5,10,100,resident normalized 256x256 tensor -> GPU crop/views -> model -> aggregation/calibration -> softmax; excludes disk/CPU preprocessing/H2D and offline temperature fitting,344.4287885004087,345.03427744984947,345.31130954874243,92.90744870463124,False
I07,inference,I07,NVIDIA GeForce RTX 3060,fp32,1,False,1,10,100,resident normalized 256x256 tensor -> GPU crop/views -> model -> aggregation/calibration -> softmax; excludes disk/CPU preprocessing/H2D and offline temperature fitting,3.7458240003616083,3.760881850394071,3.7677359287226864,266.96395770422305,False
I07,inference,I07,NVIDIA GeForce RTX 3060,fp32,32,False,1,10,100,resident normalized 256x256 tensor -> GPU crop/views -> model -> aggregation/calibration -> softmax; excludes disk/CPU preprocessing/H2D and offline temperature fitting,69.25538650011731,69.4440510997083,69.53227233077996,462.05792238190446,False
I08,inference,I08,NVIDIA GeForce RTX 3060,amp-fp16,1,False,1,10,100,resident normalized 256x256 tensor -> GPU crop/views -> model -> aggregation/calibration -> softmax; excludes disk/CPU preprocessing/H2D and offline temperature fitting,3.7142395003684214,3.738133251408726,3.7422664389305282,269.23411909781487,False
I08,inference,I08,NVIDIA GeForce RTX 3060,amp-fp16,32,False,1,10,100,resident normalized 256x256 tensor -> GPU crop/views -> model -> aggregation/calibration -> softmax; excludes disk/CPU preprocessing/H2D and offline temperature fitting,39.34712250065786,39.427967850770074,39.494934149679466,813.2742108260898,False
T00,final representative,B03,NVIDIA GeForce RTX 3060,fp32,1,False,1,10,100,resident normalized 256x256 tensor -> GPU crop/views -> model -> aggregation/calibration -> softmax; excludes disk/CPU preprocessing/H2D and offline temperature fitting,3.6800575001052493,3.693942349786994,3.7006826800461567,271.7348845694395,True
T00,final representative,B03,NVIDIA GeForce RTX 3060,fp32,32,False,1,10,100,resident normalized 256x256 tensor -> GPU crop/views -> model -> aggregation/calibration -> softmax; excludes disk/CPU preprocessing/H2D and offline temperature fitting,67.85755150008299,68.06155599999784,68.1463956500238,471.5761074868854,True
F01,final representative,I07,NVIDIA GeForce RTX 3060,fp32,1,False,1,10,100,resident normalized 256x256 tensor -> GPU crop/views -> model -> aggregation/calibration -> softmax; excludes disk/CPU preprocessing/H2D and offline temperature fitting,3.7458240003616083,3.760881850394071,3.7677359287226864,266.96395770422305,True
F01,final representative,I07,NVIDIA GeForce RTX 3060,fp32,32,False,1,10,100,resident normalized 256x256 tensor -> GPU crop/views -> model -> aggregation/calibration -> softmax; excludes disk/CPU preprocessing/H2D and offline temperature fitting,69.25538650011731,69.4440510997083,69.53227233077996,462.05792238190446,True
