exp_id,seed,n_seeds,class_id,class,support_per_seed,precision,recall,f1,precision_std,recall_std,f1_std
T00,0,1,0,Chinee apple,226,0.9813953488372092,0.9336283185840708,0.9569160997732425,,,
T00,0,1,1,Lantana,213,0.9675925925925926,0.9812206572769953,0.9743589743589743,,,
T00,0,1,2,Parkinsonia,207,0.9807692307692307,0.9855072463768116,0.983132530120482,,,
T00,0,1,3,Parthenium,205,0.995,0.9707317073170731,0.982716049382716,,,
T00,0,1,4,Prickly acacia,213,0.9363636363636364,0.9671361502347418,0.9515011547344111,,,
T00,0,1,5,Rubber vine,202,0.9707317073170731,0.9851485148514851,0.9778869778869779,,,
T00,0,1,6,Siam weed,215,0.9638009049773756,0.9906976744186047,0.9770642201834864,,,
T00,0,1,7,Snake weed,204,0.933649289099526,0.9656862745098039,0.9493975903614457,,,
T00,0,1,8,Negative,1822,0.9889563776918829,0.9829857299670691,0.985962014863749,,,
T00,1,1,0,Chinee apple,226,0.96,0.9557522123893806,0.957871396895787,,,
T00,1,1,1,Lantana,213,0.971830985915493,0.971830985915493,0.971830985915493,,,
T00,1,1,2,Parkinsonia,207,0.9853658536585366,0.9758454106280193,0.9805825242718447,,,
T00,1,1,3,Parthenium,205,0.9949238578680203,0.9560975609756097,0.9751243781094527,,,
T00,1,1,4,Prickly acacia,213,0.9366515837104072,0.971830985915493,0.9539170506912442,,,
T00,1,1,5,Rubber vine,202,0.9754901960784313,0.9851485148514851,0.9802955665024631,,,
T00,1,1,6,Siam weed,215,0.9511111111111111,0.9953488372093023,0.9727272727272728,,,
T00,1,1,7,Snake weed,204,0.9653465346534653,0.9558823529411765,0.960591133004926,,,
T00,1,1,8,Negative,1822,0.9856749311294766,0.9818880351262349,0.9837778388781964,,,
T00,2,1,0,Chinee apple,226,0.9641255605381166,0.9513274336283186,0.957683741648107,,,
T00,2,1,1,Lantana,213,0.9631336405529954,0.9812206572769953,0.972093023255814,,,
T00,2,1,2,Parkinsonia,207,0.9807692307692307,0.9855072463768116,0.983132530120482,,,
T00,2,1,3,Parthenium,205,0.9901960784313726,0.9853658536585366,0.9877750611246944,,,
T00,2,1,4,Prickly acacia,213,0.944954128440367,0.9671361502347418,0.9559164733178653,,,
T00,2,1,5,Rubber vine,202,0.9802955665024631,0.9851485148514851,0.9827160493827161,,,
T00,2,1,6,Siam weed,215,0.9683257918552036,0.9953488372093023,0.981651376146789,,,
T00,2,1,7,Snake weed,204,0.9289099526066351,0.9607843137254902,0.9445783132530121,,,
T00,2,1,8,Negative,1822,0.9905660377358491,0.9796926454445664,0.9850993377483444,,,
T00,mean,3,0,Chinee apple,226,0.9685069697917753,0.9469026548672567,0.9574904127723789,0.011350673911821383,0.01170686420825042,0.0005061424589265119
T00,mean,3,1,Lantana,213,0.9675190730203603,0.9780907668231612,0.9727609945100939,0.00434913875776174,0.00542112928816545,0.001390079346656822
T00,mean,3,2,Parkinsonia,207,0.9823014383989994,0.9822866344605475,0.9822825281709363,0.0026538614625039253,0.005578263470431191,0.0014722465631458613
T00,mean,3,3,Parthenium,205,0.9933733120997976,0.9707317073170731,0.9818718295389544,0.0027518284364937847,0.014634146341463428,0.006367454400816817
T00,mean,3,4,Prickly acacia,213,0.9393231161714701,0.9687010954616588,0.9537782262478401,0.004878724505234695,0.002710564644082789,0.0022109305095171787
T00,mean,3,5,Rubber vine,202,0.9755058232993226,0.9851485148514851,0.9802995312573857,0.004781948743662613,0.0,0.0024145381892194144
T00,mean,3,6,Siam weed,215,0.9610792693145634,0.9937984496124032,0.9771476230191828,0.008924224548445391,0.002685350089254065,0.004462636270782877
T00,mean,3,7,Snake weed,204,0.9426352587865422,0.9607843137254902,0.9515223455397946,0.01981077651748731,0.004901960784313708,0.008215140749114511
T00,mean,3,8,Negative,1822,0.9883991155190696,0.9815221368459568,0.9849463971634299,0.002492716751992029,0.0016767565660284962,0.0011000905875661788
F01,0,1,0,Chinee apple,226,0.9730941704035875,0.9601769911504425,0.9665924276169265,,,
F01,0,1,1,Lantana,213,0.954337899543379,0.9812206572769953,0.9675925925925927,,,
F01,0,1,2,Parkinsonia,207,0.9903381642512077,0.9903381642512077,0.9903381642512077,,,
F01,0,1,3,Parthenium,205,0.9854368932038835,0.9902439024390244,0.9878345498783455,,,
F01,0,1,4,Prickly acacia,213,0.9590909090909091,0.9906103286384976,0.9745958429561201,,,
F01,0,1,5,Rubber vine,202,0.9803921568627451,0.9900990099009901,0.9852216748768472,,,
F01,0,1,6,Siam weed,215,0.9815668202764977,0.9906976744186047,0.9861111111111112,,,
F01,0,1,7,Snake weed,204,0.9565217391304348,0.9705882352941176,0.9635036496350365,,,
F01,0,1,8,Negative,1822,0.9939024390243902,0.9840834248079035,0.9889685603971319,,,
F01,1,1,0,Chinee apple,226,0.972972972972973,0.9557522123893806,0.9642857142857144,,,
F01,1,1,1,Lantana,213,0.9722222222222222,0.9859154929577465,0.979020979020979,,,
F01,1,1,2,Parkinsonia,207,0.9902912621359223,0.9855072463768116,0.9878934624697338,,,
F01,1,1,3,Parthenium,205,1.0,0.9902439024390244,0.9950980392156863,,,
F01,1,1,4,Prickly acacia,213,0.9417040358744395,0.9859154929577465,0.963302752293578,,,
F01,1,1,5,Rubber vine,202,0.9899497487437185,0.9752475247524752,0.9825436408977556,,,
F01,1,1,6,Siam weed,215,0.9683257918552036,0.9953488372093023,0.981651376146789,,,
F01,1,1,7,Snake weed,204,0.9423076923076923,0.9607843137254902,0.9514563106796117,,,
F01,1,1,8,Negative,1822,0.9900497512437811,0.9829857299670691,0.9865050950151474,,,
F01,2,1,0,Chinee apple,226,0.956140350877193,0.9646017699115044,0.9603524229074888,,,
F01,2,1,1,Lantana,213,0.9858490566037735,0.9812206572769953,0.9835294117647059,,,
F01,2,1,2,Parkinsonia,207,0.9761904761904762,0.9903381642512077,0.9832134292565946,,,
F01,2,1,3,Parthenium,205,0.9854368932038835,0.9902439024390244,0.9878345498783455,,,
F01,2,1,4,Prickly acacia,213,0.9375,0.9859154929577465,0.9610983981693364,,,
F01,2,1,5,Rubber vine,202,0.9900990099009901,0.9900990099009901,0.9900990099009901,,,
F01,2,1,6,Siam weed,215,0.9681818181818181,0.9906976744186047,0.9793103448275863,,,
F01,2,1,7,Snake weed,204,0.9478672985781991,0.9803921568627451,0.9638554216867469,,,
F01,2,1,8,Negative,1822,0.9938684503901896,0.9785949506037321,0.9861725663716814,,,
F01,mean,3,0,Chinee apple,226,0.9674024980845846,0.9601769911504424,0.9637435216033766,0.009753493835288693,0.004424778761061898,0.00315513777385978
F01,mean,3,1,Lantana,213,0.9708030594564582,0.9827856025039123,0.9767143277927591,0.015803441778233347,0.002710564644082789,0.008214988207395349
F01,mean,3,2,Parkinsonia,207,0.9856066341925355,0.9887278582930756,0.9871483519925119,0.008154665755989795,0.0027891317352155315,0.0036203389901106314
F01,mean,3,3,Parthenium,205,0.9902912621359223,0.9902439024390244,0.9902557129907924,0.00840801362897513,0.0,0.004193577524169675
F01,mean,3,4,Prickly acacia,213,0.9460983149884495,0.9874804381846635,0.9663323311396782,0.011446576149305254,0.0027105646440827255,0.007240788281093575
F01,mean,3,5,Rubber vine,202,0.9868136385024845,0.9851485148514851,0.9859547752251977,0.005561666976761664,0.008574508948360787,0.003830662773505757
F01,mean,3,6,Siam weed,215,0.9726914767711731,0.9922480620155039,0.9823576106951623,0.0076866100367968876,0.002685350089254065,0.003454950207856705
F01,mean,3,7,Snake weed,204,0.948898910005442,0.9705882352941176,0.9596051273337984,0.007162956678103877,0.009803921568627416,0.007059273726223816
F01,mean,3,8,Negative,1822,0.9926068802194536,0.9818880351262349,0.9872154072613202,0.002214603859718855,0.002904227564286074,0.001527351715514813
