rank,exp_id,stage,macro_f1_val,top1_val,n_seeds,p95_batch1_ms,GMAC,params_M,notes
1,I00,inference on T04,0.9754569938083568,0.9817195087117966,1,3.9205480492455536,,27.827049,"Same checkpoint across methods; I07 selected on val, I08 test not measured"
2,I07,inference on T04,0.9754569938083568,0.9817195087117966,1,3.760881850394071,,27.827049,"Same checkpoint across methods; I07 selected on val, I08 test not measured"
3,I08,inference on T04,0.9754569938083568,0.9817195087117966,1,3.738133251408726,,27.827049,"Same checkpoint across methods; I07 selected on val, I08 test not measured"
4,T04,training,0.9754569938083567,0.9817195087117966,1,,4.469676288,27.827049,Recipe latency not separately measured; use Inference sheet for measured T04
5,I02,inference on T04,0.97519371739607,0.9814338760354184,1,17.386751301273762,,27.827049,"Same checkpoint across methods; I07 selected on val, I08 test not measured"
6,I01,inference on T04,0.9749274669229095,0.9814338760354184,1,7.151280549624062,,27.827049,"Same checkpoint across methods; I07 selected on val, I08 test not measured"
7,F01,final mean,0.9746740778946608,0.980862610682662,3,3.760881850394071,4.469676288,27.827049,"Mean val over fixed seeds; latency representative seed0, models are independent"
8,T07,training,0.9734786795020199,0.9785775492716366,1,,4.469676288,27.827049,Recipe latency not separately measured; use Inference sheet for measured T04
9,T03,training,0.9711764611034835,0.9771493858897458,1,,4.469676288,27.827049,Recipe latency not separately measured; use Inference sheet for measured T04
10,T05,training,0.9702902904244556,0.9768637532133676,1,,4.469676288,27.827049,Recipe latency not separately measured; use Inference sheet for measured T04
