exp_id,baseline_id,backbone,seed,axis,description,changes_json,epochs,batch_size,img_size,pretrained_tag,macro_f1_val,top1_val,balanced_acc_val,ece_val,nll_val,delta_macro_f1,delta_macro_f1_pp,train_seconds_per_epoch_observed,timing_scope,best_epoch,status,total_skipped_updates,chinee_apple_f1_val,snake_weed_f1_val,curve,n_seeds
T00,B03,convnext_tiny,0,baseline,B03 alias: finetune + basic + CE,{},12,64,224,in12k_ft_in1k,0.9667012831519156,0.974293059125964,0.9701252739701952,0.015793125336935,0.1034471988677978,0.0,0.0,63.647807394333405,"observed training, not an isolated latency benchmark",10,complete,6,0.9433106575963718,0.9307875894988068,curves/T00_seed0_convnext_tiny.png,1
T01,B03,convnext_tiny,0,init,scratch initialization,"{""init"": ""scratch""}",12,64,224,in12k_ft_in1k,0.28783546644572483,0.5721222507854898,0.3014678501761991,0.0298214168616343,1.291096806526184,-0.6788658167061907,-67.88658167061908,36.75557538091683,"observed training, not an isolated latency benchmark",10,complete,3,0.3247863247863248,0.10480349344978165,curves/T01_seed0_convnext_tiny.png,1
T02,B03,convnext_tiny,0,init,frozen pretrained backbone,"{""init"": ""frozen""}",12,64,224,in12k_ft_in1k,0.8601548304312255,0.8886032562125107,0.8437161117757923,0.0265602891154372,0.3509255349636078,-0.10654645272069,-10.654645272069008,13.107831637416666,"observed training, not an isolated latency benchmark",11,complete,1,0.8306264501160093,0.8031088082901554,curves/T02_seed0_convnext_tiny.png,1
T03,B03,convnext_tiny,0,augmentation,color augmentation,"{""aug"": ""color""}",12,64,224,in12k_ft_in1k,0.9711764611034835,0.9771493858897458,0.9649662625640196,0.0151254332123467,0.1036837548017501,0.0044751779515679,0.4475177951567932,36.9725309524168,"observed training, not an isolated latency benchmark",12,complete,5,0.9476082004555808,0.9379652605459057,curves/T03_seed0_convnext_tiny.png,1
T04,B03,convnext_tiny,0,augmentation,CutMix alpha=1.0,"{""mix"": ""cutmix"", ""mix_alpha"": 1.0}",12,64,224,in12k_ft_in1k,0.9754569938083567,0.9817195087117966,0.9753702954180294,0.0061406530812276,0.0734275057911872,0.008755710656441,0.8755710656441096,36.95296503291676,"observed training, not an isolated latency benchmark",12,complete,6,0.9521640091116174,0.9388753056234719,curves/T04_seed0_convnext_tiny.png,1
T05,B03,convnext_tiny,0,loss,label smoothing=0.1,"{""label_smoothing"": 0.1, ""loss"": ""ls""}",12,64,224,in12k_ft_in1k,0.9702902904244556,0.9768637532133676,0.9714777374885786,0.0861267479308432,0.1605028808116912,0.0035890072725399,0.3589007272539968,36.88167544025047,"observed training, not an isolated latency benchmark",10,complete,6,0.9438202247191012,0.9336609336609336,curves/T05_seed0_convnext_tiny.png,1
T06,B03,convnext_tiny,0,loss,focal loss gamma=2.0,"{""focal_gamma"": 2.0, ""loss"": ""focal""}",12,64,224,in12k_ft_in1k,0.9680295931689322,0.9757212225078549,0.9697285804246903,0.0139150433678587,0.0871905535459518,0.0013283100170166,0.1328310017016609,36.883219680750095,"observed training, not an isolated latency benchmark",12,complete,5,0.9483146067415731,0.9249394673123487,curves/T06_seed0_convnext_tiny.png,1
T07,B03,convnext_tiny,0,loss,weighted CE from train counts,"{""class_weight_beta"": 0.0, ""loss"": ""ce_weighted""}",12,64,224,in12k_ft_in1k,0.9734786795020199,0.9785775492716366,0.9787390405849504,0.0129392019035952,0.0998843759298324,0.0067773963501043,0.6777396350104326,36.840449406417214,"observed training, not an isolated latency benchmark",11,complete,6,0.9534368070953436,0.9282296650717703,curves/T07_seed0_convnext_tiny.png,1
T08,B03,convnext_tiny,0,combination,combine validation improvements,"{""class_weight_beta"": 0.0, ""loss"": ""ce_weighted"", ""mix"": ""cutmix"", ""mix_alpha"": 1.0}",12,64,224,in12k_ft_in1k,0.9666213189164642,0.9734361610968295,0.978210798292544,0.005558379392425,0.1001399159431457,-7.996423545142406e-05,-0.0079964235451424,36.86121599291649,"observed training, not an isolated latency benchmark",12,complete,6,0.9443207126948775,0.9168646080760094,curves/T08_seed0_convnext_tiny.png,1
